{"min": [-0.451613, -0.757508, -0.554142], "max": [0.475669, 0.736447, 0.618254]}