{"min": [-0.329865, -0.291512, -1.161074], "max": [0.338856, 0.293139, 0.311743]}