{"min": [-0.484279, -0.866175, -0.446611], "max": [0.477907, 0.714559, 0.475484]}